{
    "Monday": {
        "Lecture Room  22": {
            "8:00": {
                "Subject": "Programming Fundamentals ",
                "Teacher": "Ms. Ayesha Karim ",
                "Section": "BSSE-1A"
            },
            "9:20": {
                "Subject": "Applications of Information & Communication Technology (Theory)",
                "Teacher": "Ms. Nitasha Arooj ",
                "Section": "BSSE-1A"
            },
            "10:45": {
                "Subject": "Data Structures & Algorithms ",
                "Teacher": "Mr. Tayyab Khushi ",
                "Section": "BSAI-3B"
            },
            "12:05": {
                "Subject": " Technical & Business Writing ",
                "Teacher": "Ms. Nosheen Akhtar ",
                "Section": "BSAI-3C/BSDS-3A"
            },
            "01:30": {
                "Subject": "Pre-Calculus ",
                "Teacher": "Mr.Hamza Hameed",
                "Section": "BSDS/BSAI"
            },
            "02:50": {
                "Subject": "0",
                "Teacher": "",
                "Section": ""
            },
            "04:10": {
                "Subject": "0",
                "Teacher": "",
                "Section": ""
            }
        },
        "Lecture Room  23": {
            "8:00": {
                "Subject": "Discrete Structures ",
                "Teacher": "Mr. Amir Hameed",
                "Section": "BSAI-1C"
            },
            "9:20": {
                "Subject": "0",
                "Teacher": "",
                "Section": ""
            },
            "10:45": {
                "Subject": "Programming Fundamentals ",
                "Teacher": "Ms. Ayesha Karim ",
                "Section": "BSSE-1B"
            },
            "12:05": {
                "Subject": " Discrete Structures ",
                "Teacher": "Mr. Amir Hameed ",
                "Section": "BSSE-1B"
            },
            "01:30": {
                "Subject": "Linear Algebra ",
                "Teacher": "Mr. Usama ",
                "Section": "BSAI-3B"
            },
            "02:50": {
                "Subject": "0",
                "Teacher": "",
                "Section": ""
            },
            "04:10": {
                "Subject": "0",
                "Teacher": "",
                "Section": ""
            }
        },
        "Lecture Room  24": {
            "8:00": {
                "Subject": "Software Design & Architecture",
                "Teacher": "Prof. Saleem Zubair Ahmad ",
                "Section": "BSSE-4A"
            },
            "9:20": {
                "Subject": "0",
                "Teacher": "",
                "Section": ""
            },
            "10:45": {
                "Subject": "Probability & Statistics",
                "Teacher": "Ms. Aniqa Yousaf",
                "Section": "BSSE-4B"
            },
            "12:05": {
                "Subject": "Operating Systems ",
                "Teacher": "Ms. Irum Fatima ",
                "Section": "BSSE-4B & BSDS/BSAI-4A"
            },
            "01:30": {
                "Subject": "Advanced Statistics",
                "Teacher": "Ms. Aniqa Yousaf",
                "Section": "BSDS-5A"
            },
            "02:50": {
                "Subject": "0",
                "Teacher": "",
                "Section": ""
            },
            "04:10": {
                "Subject": "0",
                "Teacher": "",
                "Section": ""
            }
        },
        "Lecture Room  25": {
            "8:00": {
                "Subject": "Data Structures & Algorithms",
                "Teacher": "Ms. Aimen Fatima ",
                "Section": "BSSE-3A"
            },
            "9:20": {
                "Subject": "Human Computer Interaction ",
                "Teacher": "Ms. Irum Fatima ",
                "Section": "BSSE-3A"
            },
            "10:45": {
                "Subject": "Linear Algebra ",
                "Teacher": "Mr. Usama ",
                "Section": "BSAI-3A"
            },
            "12:05": {
                "Subject": "Data Structures & Algorithms ",
                "Teacher": "Mr. Tayyab Khushi ",
                "Section": "BSAI-3A"
            },
            "01:30": {
                "Subject": "Human Computer Interaction",
                "Teacher": "Mr. Munib Ahmad",
                "Section": "BSSE-6A"
            },
            "02:50": {
                "Subject": "Software Quality Engineering",
                "Teacher": "Ms. Kashmala Pervaiz",
                "Section": "BSSE-6A"
            },
            "04:10": {
                "Subject": "0",
                "Teacher": "",
                "Section": ""
            }
        },
        "Lecture Room  26": {
            "8:00": {
                "Subject": "Fundamentals of Business & Finance ",
                "Teacher": "Mr. Muhammad Irfan Saqi ",
                "Section": "BSSE-5C"
            },
            "9:20": {
                "Subject": "Artificial Intelligence ",
                "Teacher": "Ms. Asma Abubakar ",
                "Section": "BSSE-5C"
            },
            "10:45": {
                "Subject": "Functional English ",
                "Teacher": "Ms. Nosheen Akhtar ",
                "Section": "BSAI-1A"
            },
            "12:05": {
                "Subject": "Web Engineering ",
                "Teacher": "Mr. Hafiz Ali Ahmed",
                "Section": "BSSE-5E"
            },
            "01:30": {
                "Subject": "0",
                "Teacher": "",
                "Section": ""
            },
            "02:50": {
                "Subject": "Artificial Intelligence ",
                "Teacher": "Ms. Asma Abubakar ",
                "Section": "BSSE-5B"
            },
            "04:10": {
                "Subject": "Computer Networks ",
                "Teacher": "Mr. Rafaqat Ali ",
                "Section": "BSSE-5B"
            }
        },
        "Lecture Room  27": {
            "8:00": {
                "Subject": "Discrete Structures ",
                "Teacher": "Mr. Hafiz Abdullah Tanweer",
                "Section": "BSSE-1C"
            },
            "9:20": {
                "Subject": "Calculus & Analytical Geometry ",
                "Teacher": "Mr. Muhammad Hamza",
                "Section": "BSSE-2A"
            },
            "10:45": {
                "Subject": "Discrete Structures ",
                "Teacher": "Mr. Hafiz Abdullah Tanweer",
                "Section": "BSSE-1D"
            },
            "12:05": {
                "Subject": "Functional English ",
                "Teacher": "Ms. Hiziya Nasir",
                "Section": "BSSE-1D"
            },
            "01:30": {
                "Subject": "Linear Algebra ",
                "Teacher": "Mr. Muhammad Hamza",
                "Section": "BSSE-3C"
            },
            "02:50": {
                "Subject": "0",
                "Teacher": "",
                "Section": ""
            },
            "04:10": {
                "Subject": "Human Computer Interaction ",
                "Teacher": "Mr. Munib Ahmad",
                "Section": "BSSE-3B"
            }
        },
        "Lecture Room  28": {
            "8:00": {
                "Subject": "Object Oriented Programming",
                "Teacher": "Mr. Ansar Naseem ",
                "Section": "BSDS/BSAI-2A"
            },
            "9:20": {
                "Subject": "Fundamentals of Business & Finance ",
                "Teacher": "Mr. Muhammad Irfan Saqi ",
                "Section": "BSSE-5D"
            },
            "10:45": {
                "Subject": "0",
                "Teacher": "",
                "Section": ""
            },
            "12:05": {
                "Subject": "Software Requirement Engineering ",
                "Teacher": "Mr. Sawail Khan ",
                "Section": "BSSE-3D"
            },
            "01:30": {
                "Subject": "Data Structures & Algorithms",
                "Teacher": "Ms. Aimen Fatima ",
                "Section": "BSSE-3B"
            },
            "02:50": {
                "Subject": "Data Structures & Algorithms",
                "Teacher": "Ms. Aimen Fatima ",
                "Section": "BSSE-3D"
            },
            "04:10": {
                "Subject": "Linear Algebra ",
                "Teacher": "Mr. Muhammad Hamza",
                "Section": "BSSE-3D"
            }
        },
        "Lecture Room  16 (Share)": {
            "8:00": {
                "Subject": "0",
                "Teacher": "",
                "Section": ""
            },
            "9:20": {
                "Subject": "0",
                "Teacher": "",
                "Section": ""
            },
            "10:45": {
                "Subject": "0",
                "Teacher": "",
                "Section": ""
            },
            "12:05": {
                "Subject": "0",
                "Teacher": "",
                "Section": ""
            },
            "01:30": {
                "Subject": "0",
                "Teacher": "",
                "Section": ""
            },
            "02:50": {
                "Subject": "0",
                "Teacher": "",
                "Section": ""
            },
            "04:10": {
                "Subject": "0",
                "Teacher": "",
                "Section": ""
            }
        },
        "Lecture Room  29": {
            "8:00": {
                "Subject": "Applied Physics",
                "Teacher": "Mr. Zahid Ali ",
                "Section": "BSAI-1B"
            },
            "9:20": {
                "Subject": "0",
                "Teacher": "",
                "Section": ""
            },
            "10:45": {
                "Subject": "Functional English ",
                "Teacher": "Ms. Hiziya Nasir ",
                "Section": "BSSE-1C"
            },
            "12:05": {
                "Subject": "Data Structures & Algorithms",
                "Teacher": "Ms. Aimen Fatima ",
                "Section": "BSSE-3E"
            },
            "01:30": {
                "Subject": "0",
                "Teacher": "",
                "Section": ""
            },
            "02:50": {
                "Subject": " Data Mining ",
                "Teacher": "Dr. Iftikhar Naseer",
                "Section": "BSDS/BSAI-6A"
            },
            "04:10": {
                "Subject": "0",
                "Teacher": "",
                "Section": ""
            }
        },
        "Lecture Room  30": {
            "8:00": {
                "Subject": "Applied Physics ",
                "Teacher": "Ms. Kanwal Shahbaz",
                "Section": "BSSE-1E"
            },
            "9:20": {
                "Subject": "0",
                "Teacher": "",
                "Section": ""
            },
            "10:45": {
                "Subject": "Used in CS Department ",
                "Teacher": "",
                "Section": ""
            },
            "12:05": {
                "Subject": "0",
                "Teacher": "",
                "Section": ""
            },
            "01:30": {
                "Subject": "0",
                "Teacher": "",
                "Section": ""
            },
            "02:50": {
                "Subject": "0",
                "Teacher": "",
                "Section": ""
            },
            "04:10": {
                "Subject": "0",
                "Teacher": "",
                "Section": ""
            }
        },
        "Computer Lab-7": {
            "8:00": {
                "Subject": "Applications of Information & Communication Technology (Theory)",
                "Teacher": "Mr. Saif Ur Rehman ",
                "Section": "BSDS-1A"
            },
            "9:20": {
                "Subject": "0",
                "Teacher": "",
                "Section": ""
            },
            "10:45": {
                "Subject": "Object Oriented Programming (Lab)",
                "Teacher": "Mr. Rasikh Ali ",
                "Section": "BSDS/BSAI-2A"
            },
            "12:05": {
                "Subject": "0",
                "Teacher": "",
                "Section": ""
            },
            "01:30": {
                "Subject": "Data Structures & Algorithms (Lab)",
                "Teacher": "Ms. Musharrafa Rafique",
                "Section": "BSSE-3E"
            },
            "02:50": {
                "Subject": "0",
                "Teacher": "",
                "Section": ""
            },
            "04:10": {
                "Subject": "0",
                "Teacher": "",
                "Section": ""
            }
        },
        "Computer Lab-8": {
            "8:00": {
                "Subject": "Applications of Information & Communication Technology (Lab)",
                "Teacher": "Mr. Haider Ali",
                "Section": "BSSE-1D"
            },
            "9:20": {
                "Subject": "0",
                "Teacher": "",
                "Section": ""
            },
            "10:45": {
                "Subject": "Object Oriented Programming (Lab)",
                "Teacher": "Ms. Musharrafa Rafique",
                "Section": "BSSE-2A"
            },
            "12:05": {
                "Subject": "0",
                "Teacher": "",
                "Section": ""
            },
            "01:30": {
                "Subject": "Artificial Intelligence (Lab)",
                "Teacher": "Mr. Rasikh Ali ",
                "Section": "BSAI-3C/BSDS-3A"
            },
            "02:50": {
                "Subject": "0",
                "Teacher": "",
                "Section": ""
            },
            "04:10": {
                "Subject": "0",
                "Teacher": "",
                "Section": ""
            }
        },
        "Computer Lab-10": {
            "8:00": {
                "Subject": "Web Engineering ",
                "Teacher": "Mr. Hafiz Ali Ahmed ",
                "Section": "BSSE-5A"
            },
            "9:20": {
                "Subject": "0",
                "Teacher": "",
                "Section": ""
            },
            "10:45": {
                "Subject": "Applications of Information & Communication Technology (Lab)",
                "Teacher": "Mr. Hafiz Asad Ali ",
                "Section": "BSSE-1A"
            },
            "12:05": {
                "Subject": "0",
                "Teacher": "",
                "Section": ""
            },
            "01:30": {
                "Subject": "Database Systems (Lab)",
                "Teacher": "Ms. Musharrafa Rafique ",
                "Section": "BSSE-4B/BSDS/BSAI-4A"
            },
            "02:50": {
                "Subject": "0",
                "Teacher": "",
                "Section": ""
            },
            "04:10": {
                "Subject": "0",
                "Teacher": "",
                "Section": ""
            }
        },
        "Auditorium (SE)": {
            "8:00": {
                "Subject": "Programming Fundamentals (Theory)",
                "Teacher": "Mr. Ahmad Hassan ",
                "Section": "BSAI-1A"
            },
            "9:20": {
                "Subject": "0",
                "Teacher": "",
                "Section": ""
            },
            "10:45": {
                "Subject": "Programming Fundamentals (Theory)",
                "Teacher": "Mr. Ahmad Hassan ",
                "Section": "BSAI-1B"
            },
            "12:05": {
                "Subject": "0",
                "Teacher": "",
                "Section": ""
            },
            "01:30": {
                "Subject": "0",
                "Teacher": "",
                "Section": ""
            },
            "02:50": {
                "Subject": "0",
                "Teacher": "",
                "Section": ""
            },
            "04:10": {
                "Subject": "0",
                "Teacher": "",
                "Section": ""
            }
        },
        "Tuesday": {
            "8:00": {
                "Subject": "0",
                "Teacher": "",
                "Section": ""
            },
            "9:20": {
                "Subject": "0",
                "Teacher": "",
                "Section": ""
            },
            "10:45": {
                "Subject": "0",
                "Teacher": "",
                "Section": ""
            },
            "12:05": {
                "Subject": "0",
                "Teacher": "",
                "Section": ""
            },
            "01:30": {
                "Subject": "0",
                "Teacher": "",
                "Section": ""
            },
            "02:50": {
                "Subject": "0",
                "Teacher": "",
                "Section": ""
            },
            "04:10": {
                "Subject": "0",
                "Teacher": "",
                "Section": ""
            }
        }
    },
    "Tuesday": {
        "Rooms": {
            "8:00": {
                "Subject": "8:00-9:20",
                "Teacher": "",
                "Section": ""
            },
            "9:20": {
                "Subject": "9:20-10:40",
                "Teacher": "",
                "Section": ""
            },
            "10:45": {
                "Subject": "10:45-12:05",
                "Teacher": "",
                "Section": ""
            },
            "12:05": {
                "Subject": "12:05 -01:25",
                "Teacher": "",
                "Section": ""
            },
            "01:30": {
                "Subject": "01:30-2:50",
                "Teacher": "",
                "Section": ""
            },
            "02:50": {
                "Subject": "02:50-04:10",
                "Teacher": "",
                "Section": ""
            },
            "04:10": {
                "Subject": "04:10-05:35",
                "Teacher": "",
                "Section": ""
            }
        },
        "Lecture Room  05": {
            "8:00": {
                "Subject": "Used in CS Department ",
                "Teacher": "",
                "Section": ""
            },
            "9:20": {
                "Subject": "0",
                "Teacher": "",
                "Section": ""
            },
            "10:45": {
                "Subject": "0",
                "Teacher": "",
                "Section": ""
            },
            "12:05": {
                "Subject": "Computer Organization & Assembly Language ",
                "Teacher": "Mr. Shoaib Ramzan",
                "Section": "BSDS/BSAI-6A"
            },
            "01:30": {
                "Subject": "Used in CS Department ",
                "Teacher": "",
                "Section": ""
            },
            "02:50": {
                "Subject": "0",
                "Teacher": "",
                "Section": ""
            },
            "04:10": {
                "Subject": "0",
                "Teacher": "",
                "Section": ""
            }
        },
        "Lecture Room  22": {
            "8:00": {
                "Subject": "Programming Fundamentals ",
                "Teacher": "Ms. Ayesha Karim ",
                "Section": "BSSE-1A"
            },
            "9:20": {
                "Subject": "Applications of Information & Communication Technology (Theory)",
                "Teacher": "Ms. Nitasha Arooj ",
                "Section": "BSSE-1A"
            },
            "10:45": {
                "Subject": "Programming Fundamentals ",
                "Teacher": "Ms. Ayesha Karim ",
                "Section": "BSSE-1B"
            },
            "12:05": {
                "Subject": "Applications of Information & Communication Technology (Theory)",
                "Teacher": "Mr. Saif Ur Rehman ",
                "Section": "BSSE-1B"
            },
            "01:30": {
                "Subject": "Human Computer Interaction ",
                "Teacher": "Mr. Munib Ahmad",
                "Section": "BSSE-3D"
            },
            "02:50": {
                "Subject": "Software Requirement Engineering ",
                "Teacher": "Mr. Sawail Khan ",
                "Section": "BSSE-3C"
            },
            "04:10": {
                "Subject": "Software Requirement Engineering ",
                "Teacher": "Mr. Sawail Khan ",
                "Section": "BSSE-3D"
            }
        },
        "Lecture Room  23": {
            "8:00": {
                "Subject": "Data Structures & Algorithms",
                "Teacher": "Ms. Aimen Fatima ",
                "Section": "BSSE-3A"
            },
            "9:20": {
                "Subject": "Functional English ",
                "Teacher": "Ms. Hiziya Nasir ",
                "Section": "BSAI-1B"
            },
            "10:45": {
                "Subject": "Applications of Information & Communication Technology (Theory)",
                "Teacher": "Mr. Saif Ur Rehman ",
                "Section": "BSAI-1B"
            },
            "12:05": {
                "Subject": "Artificial Intelligence ",
                "Teacher": "Mr. Muhammad Ahmad",
                "Section": "BSAI-3B"
            },
            "01:30": {
                "Subject": "Software Requirement Engineering ",
                "Teacher": "Mr. Sawail Khan ",
                "Section": "BSSE-3B"
            },
            "02:50": {
                "Subject": "Artificial Intelligence ",
                "Teacher": "Ms. Asma Abubakar ",
                "Section": "BSSE-5C"
            },
            "04:10": {
                "Subject": "Computer Networks ",
                "Teacher": "Mr. Rafaqat Ali ",
                "Section": "BSSE-5C "
            }
        },
        "Lecture Room  24": {
            "8:00": {
                "Subject": "Software Design & Architecture",
                "Teacher": "Prof. Saleem Zubair Ahmad ",
                "Section": "BSSE-4B"
            },
            "9:20": {
                "Subject": "Functional English ",
                "Teacher": "Ms. Javaria Waleed",
                "Section": "BSAI-1C"
            },
            "10:45": {
                "Subject": "Discrete Structures",
                "Teacher": "Mr. Hammad Ghulam Mustafa",
                "Section": "BSDS-1A"
            },
            "12:05": {
                "Subject": "Human Computer Interactions",
                "Teacher": "Ms. Irum Fatima ",
                "Section": "BSSE-3E"
            },
            "01:30": {
                "Subject": "Data Structures & Algorithms",
                "Teacher": "Ms. Aimen Fatima ",
                "Section": "BSSE-3E"
            },
            "02:50": {
                "Subject": "Computer Networks ",
                "Teacher": "Mr. Sohail Irshad",
                "Section": "BSSE-5E"
            },
            "04:10": {
                "Subject": "0",
                "Teacher": "",
                "Section": ""
            }
        },
        "Lecture Room  25": {
            "8:00": {
                "Subject": "Data Structures & Algorithms ",
                "Teacher": "Mr. Tayyab Khushi ",
                "Section": "BSAI-3A"
            },
            "9:20": {
                "Subject": "Linear Algebra ",
                "Teacher": "Mr. Usama ",
                "Section": "BSAI-3A"
            },
            "10:45": {
                "Subject": "Linear Algebra ",
                "Teacher": "Mr. Muhammad Hamza",
                "Section": "BSSE-3D"
            },
            "12:05": {
                "Subject": "Information Security ",
                "Teacher": "Mr. Nagesh Kumar ",
                "Section": "BSSE-6A"
            },
            "01:30": {
                "Subject": "Mobile Application Development ",
                "Teacher": "Mr. Muhammad Ahmad ",
                "Section": "BSSE-6A"
            },
            "02:50": {
                "Subject": "0",
                "Teacher": "",
                "Section": ""
            },
            "04:10": {
                "Subject": "0",
                "Teacher": "",
                "Section": ""
            }
        },
        "Lecture Room  26": {
            "8:00": {
                "Subject": "Software Engineering ",
                "Teacher": "Mr. Adnan Rafique ",
                "Section": "BSSE-2A"
            },
            "9:20": {
                "Subject": "Discrete Structures ",
                "Teacher": "Ms. Kashmala Pervaiz  ",
                "Section": "BSSE-2A"
            },
            "10:45": {
                "Subject": "Programming Fundamentals ",
                "Teacher": "Mr. Ahmad Hassan ",
                "Section": "BSAI-1C"
            },
            "12:05": {
                "Subject": "0",
                "Teacher": "",
                "Section": ""
            },
            "01:30": {
                "Subject": "Linear Algebra ",
                "Teacher": "Mr. Usama ",
                "Section": "BSAI-3C/BSDS-3A"
            },
            "02:50": {
                "Subject": "0",
                "Teacher": "",
                "Section": ""
            },
            "04:10": {
                "Subject": "Data Structures & Algorithms ",
                "Teacher": "Mr. Tayyab Khushi ",
                "Section": "BSAI-3C/BSDS-3A"
            }
        },
        "Lecture Room  27": {
            "8:00": {
                "Subject": "Programming Fundamentals ",
                "Teacher": "Mr. Ahmad Hassan ",
                "Section": "BSDS-1A"
            },
            "9:20": {
                "Subject": "0",
                "Teacher": "",
                "Section": ""
            },
            "10:45": {
                "Subject": "Functional English ",
                "Teacher": "Ms. Hiziya Nasir",
                "Section": "BSSE-1D"
            },
            "12:05": {
                "Subject": "Discrete Structures ",
                "Teacher": "Mr. Hafiz Abdullah Tanweer",
                "Section": "BSSE-1D"
            },
            "01:30": {
                "Subject": "Artificial Intelligence ",
                "Teacher": "Dr. Hafiz Muhammad Shahzad",
                "Section": "BSSE-5D"
            },
            "02:50": {
                "Subject": "0",
                "Teacher": "",
                "Section": ""
            },
            "04:10": {
                "Subject": "0",
                "Teacher": "",
                "Section": ""
            }
        },
        "Lecture Room  28": {
            "8:00": {
                "Subject": "Calculus & Analytical Geometry ",
                "Teacher": "Mr. Muhammad Hamza ",
                "Section": "BSDS/BSAI-2A"
            },
            "9:20": {
                "Subject": "Object Oriented Programming",
                "Teacher": "Mr. Ansar Naseem ",
                "Section": "BSDS/BSAI-2A"
            },
            "10:45": {
                "Subject": "0",
                "Teacher": "",
                "Section": ""
            },
            "12:05": {
                "Subject": "Data Structures & Algorithms",
                "Teacher": "Ms. Aimen Fatima ",
                "Section": "BSSE-3C"
            },
            "01:30": {
                "Subject": "Software Engineering",
                "Teacher": "Dr. Bilal Mehboob",
                "Section": "BSDS/BSAI-5A"
            },
            "02:50": {
                "Subject": "Digital Logic & Design ",
                "Teacher": "Ms. Irum Fatima ",
                "Section": "BSDS/BSAI-5A"
            },
            "04:10": {
                "Subject": "Analysis of Algorithms",
                "Teacher": "Mr. Nagesh Kumar ",
                "Section": "BSDS/BSAI-5A"
            }
        },
        "Lecture Room  29": {
            "8:00": {
                "Subject": "0",
                "Teacher": "",
                "Section": ""
            },
            "9:20": {
                "Subject": "Pakistan Studies ",
                "Teacher": "Mr.Hafiz Falak Sher",
                "Section": "BSSE-3A"
            },
            "10:45": {
                "Subject": "0",
                "Teacher": "",
                "Section": ""
            },
            "12:05": {
                "Subject": "Applications of Information & Communication Technology (Theory)",
                "Teacher": "Ms. Ayesha Karim ",
                "Section": "BSAI-1A"
            },
            "01:30": {
                "Subject": "Differential Equations ",
                "Teacher": "Ms. Aniqa Yousaf",
                "Section": "BSDS/BSAI-4A"
            },
            "02:50": {
                "Subject": "0",
                "Teacher": "",
                "Section": ""
            },
            "04:10": {
                "Subject": "0",
                "Teacher": "",
                "Section": ""
            }
        },
        "Lecture Room  30": {
            "8:00": {
                "Subject": "Applied Physics ",
                "Teacher": "Ms. Kanwal Shahbaz",
                "Section": "BSSE-1C"
            },
            "9:20": {
                "Subject": "0",
                "Teacher": "",
                "Section": ""
            },
            "10:45": {
                "Subject": "Used in CS Department ",
                "Teacher": "",
                "Section": ""
            },
            "12:05": {
                "Subject": "0",
                "Teacher": "",
                "Section": ""
            },
            "01:30": {
                "Subject": "0",
                "Teacher": "",
                "Section": ""
            },
            "02:50": {
                "Subject": "0",
                "Teacher": "",
                "Section": ""
            },
            "04:10": {
                "Subject": "0",
                "Teacher": "",
                "Section": ""
            }
        },
        "Computer Lab-7": {
            "8:00": {
                "Subject": "Programming Fundamentals (Lab)",
                "Teacher": "Mr. Shahzaib Shahbaz",
                "Section": "BSAI-1A"
            },
            "9:20": {
                "Subject": "0",
                "Teacher": "",
                "Section": ""
            },
            "10:45": {
                "Subject": "Programming Fundamentals (Lab)",
                "Teacher": "Mr. Haider Ali ",
                "Section": "BSSE-1A"
            },
            "12:05": {
                "Subject": "0",
                "Teacher": "",
                "Section": ""
            },
            "01:30": {
                "Subject": "Programming Fundamentals (Lab)",
                "Teacher": "Mr. Hafiz Asad Ali ",
                "Section": "BSSE-1D "
            },
            "02:50": {
                "Subject": "0",
                "Teacher": "",
                "Section": ""
            },
            "04:10": {
                "Subject": "0",
                "Teacher": "",
                "Section": ""
            }
        },
        "Computer Lab-8": {
            "8:00": {
                "Subject": "Programming Fundamentals (Lab)",
                "Teacher": "Mr. Haider Ali ",
                "Section": "BSSE-1B"
            },
            "9:20": {
                "Subject": "0",
                "Teacher": "",
                "Section": ""
            },
            "10:45": {
                "Subject": "Operating Systems (Lab)",
                "Teacher": "Mr. Muhammad Muneeb Saleem ",
                "Section": "BSSE-4B & BSDS/BSAI-4A"
            },
            "12:05": {
                "Subject": "0",
                "Teacher": "",
                "Section": ""
            },
            "01:30": {
                "Subject": "Applications of Information & Communication Technology (Lab)",
                "Teacher": "Mr. Shahzaib Shahbaz",
                "Section": "BSSE-1E"
            },
            "02:50": {
                "Subject": "0",
                "Teacher": "",
                "Section": ""
            },
            "04:10": {
                "Subject": "0",
                "Teacher": "",
                "Section": ""
            }
        },
        "Computer Lab-10": {
            "8:00": {
                "Subject": "Islamic Studies ",
                "Teacher": "Mr. Imtiaz Ahmad ",
                "Section": "BSSE-3B"
            },
            "9:20": {
                "Subject": "0",
                "Teacher": "",
                "Section": ""
            },
            "10:45": {
                "Subject": "Artificial Intelligence (Lab)",
                "Teacher": "Mr. Rasikh Ali ",
                "Section": "BSAI-3A"
            },
            "12:05": {
                "Subject": "0",
                "Teacher": "",
                "Section": ""
            },
            "01:30": {
                "Subject": "Social Enterpreneurship Program",
                "Teacher": "Ms. Rabia Aziz ",
                "Section": "BSSE-4A"
            },
            "02:50": {
                "Subject": "0",
                "Teacher": "",
                "Section": ""
            },
            "04:10": {
                "Subject": "0",
                "Teacher": "",
                "Section": ""
            }
        },
        "Auditorium (SE)": {
            "8:00": {
                "Subject": "Data Structures & Algorithms (Lab)",
                "Teacher": "Mr. Muhammad Muneeb Saleem ",
                "Section": "BSAI-3B"
            },
            "9:20": {
                "Subject": "0",
                "Teacher": "",
                "Section": ""
            },
            "10:45": {
                "Subject": "Functional English ",
                "Teacher": "Ms. Javaria Waleed",
                "Section": "BSSE-1E"
            },
            "12:05": {
                "Subject": "Applications of Information & Communication Technology (Theory)",
                "Teacher": "Mr. Hammad Ghulam Mustafa  ",
                "Section": "BSSE-1E"
            },
            "01:30": {
                "Subject": "Technopreneurship ",
                "Teacher": "Dr. Tehreem Masood ",
                "Section": "BSSE-5A & BSSE-5B"
            },
            "02:50": {
                "Subject": "0",
                "Teacher": "",
                "Section": ""
            },
            "04:10": {
                "Subject": "0",
                "Teacher": "",
                "Section": ""
            }
        }
    },
    "Wednesday": {
        "0": {
            "8:00": {
                "Subject": "0",
                "Teacher": "",
                "Section": ""
            },
            "9:20": {
                "Subject": "0",
                "Teacher": "",
                "Section": ""
            },
            "10:45": {
                "Subject": "0",
                "Teacher": "",
                "Section": ""
            },
            "12:05": {
                "Subject": "0",
                "Teacher": "",
                "Section": ""
            },
            "01:30": {
                "Subject": "0",
                "Teacher": "",
                "Section": ""
            },
            "02:50": {
                "Subject": "0",
                "Teacher": "",
                "Section": ""
            },
            "04:10": {
                "Subject": "0",
                "Teacher": "",
                "Section": ""
            }
        },
        "Rooms": {
            "8:00": {
                "Subject": "8:00-9:20",
                "Teacher": "",
                "Section": ""
            },
            "9:20": {
                "Subject": "9:20-10:40",
                "Teacher": "",
                "Section": ""
            },
            "10:45": {
                "Subject": "10:45-12:05",
                "Teacher": "",
                "Section": ""
            },
            "12:05": {
                "Subject": "12:05 -01:25",
                "Teacher": "",
                "Section": ""
            },
            "01:30": {
                "Subject": "01:30-2:50",
                "Teacher": "",
                "Section": ""
            },
            "02:50": {
                "Subject": "02:50-04:10",
                "Teacher": "",
                "Section": ""
            },
            "04:10": {
                "Subject": "04:10-05:35",
                "Teacher": "",
                "Section": ""
            }
        },
        "Lecture Room  05": {
            "8:00": {
                "Subject": "Used in CS Department ",
                "Teacher": "",
                "Section": ""
            },
            "9:20": {
                "Subject": "0",
                "Teacher": "",
                "Section": ""
            },
            "10:45": {
                "Subject": "0",
                "Teacher": "",
                "Section": ""
            },
            "12:05": {
                "Subject": " ",
                "Teacher": "",
                "Section": ""
            },
            "01:30": {
                "Subject": "Computer Organization & Assembly Language ",
                "Teacher": "Mr. Shoaib Ramzan",
                "Section": "BSDS/BSAI-6A"
            },
            "02:50": {
                "Subject": "0",
                "Teacher": "",
                "Section": ""
            },
            "04:10": {
                "Subject": "0",
                "Teacher": "",
                "Section": ""
            }
        },
        "Lecture Room  22": {
            "8:00": {
                "Subject": "Discrete Structures ",
                "Teacher": "Mr. Hafiz Abdullah Tanweer",
                "Section": "BSSE-1E"
            },
            "9:20": {
                "Subject": "Programming Fundamentals ",
                "Teacher": "Ms. Nitasha Arooj",
                "Section": "BSSE-1E"
            },
            "10:45": {
                "Subject": "Functional English ",
                "Teacher": "Ms. Hayyah Mehmood",
                "Section": "BSSE-1B"
            },
            "12:05": {
                "Subject": "Artificial Intelligence ",
                "Teacher": "Programming for Artificial Intelligence ",
                "Section": "BSAI-3C/BSDS-3A"
            },
            "01:30": {
                "Subject": "Operating Systems ",
                "Teacher": "Ms. Irum Fatima ",
                "Section": "BSSE-4A"
            },
            "02:50": {
                "Subject": "Probability & Statistics",
                "Teacher": "Ms. Aniqa Yousaf ",
                "Section": "BSSE-4A"
            },
            "04:10": {
                "Subject": "0",
                "Teacher": "",
                "Section": ""
            }
        },
        "Lecture Room  23": {
            "8:00": {
                "Subject": "Discrete Structures ",
                "Teacher": "Mr. Hammad Ghulam Mustafa ",
                "Section": "BSDS-1A"
            },
            "9:20": {
                "Subject": "Functional English ",
                "Teacher": "Ms. Hiziya Nasir",
                "Section": "BSDS-1A"
            },
            "10:45": {
                "Subject": "Applications of Information & Communication Technology (Theory)",
                "Teacher": "Mr. Hammad Ghulam Mustafa ",
                "Section": "BSAI-1C"
            },
            "12:05": {
                "Subject": "Digital Logic & Design ",
                "Teacher": "Ms. Irum Fatima  ",
                "Section": "BSDS/BSAI-5A"
            },
            "01:30": {
                "Subject": "Pre-Calculus ",
                "Teacher": "Mr. Hamza Hameed",
                "Section": "BSSE"
            },
            "02:50": {
                "Subject": "0",
                "Teacher": "",
                "Section": ""
            },
            "04:10": {
                "Subject": "0",
                "Teacher": "",
                "Section": ""
            }
        },
        "Lecture Room  24": {
            "8:00": {
                "Subject": "Discrete Structures ",
                "Teacher": "Mr. Amir Hameed",
                "Section": "BSSE-1B"
            },
            "9:20": {
                "Subject": "Human Computer Interaction ",
                "Teacher": "Mr. Munib Ahmad",
                "Section": "BSSE-3C"
            },
            "10:45": {
                "Subject": "Analysis of Algorithms",
                "Teacher": "Mr. Nagesh Kumar ",
                "Section": "BSDS/BSAI-5A"
            },
            "12:05": {
                "Subject": "Data Structures & Algorithms",
                "Teacher": "Ms. Aimen Fatima ",
                "Section": "BSSE-3C"
            },
            "01:30": {
                "Subject": "Data Structures & Algorithms",
                "Teacher": "Ms. Aimen Fatima ",
                "Section": "BSSE-3B"
            },
            "02:50": {
                "Subject": "Software Requirement Engineering ",
                "Teacher": "Mr. Sawail Khan ",
                "Section": "BSSE-3B"
            },
            "04:10": {
                "Subject": "0",
                "Teacher": "",
                "Section": ""
            }
        },
        "Lecture Room  25": {
            "8:00": {
                "Subject": "Linear Algebra ",
                "Teacher": "Mr. Usama ",
                "Section": "BSSE-3A"
            },
            "9:20": {
                "Subject": "0",
                "Teacher": "",
                "Section": ""
            },
            "10:45": {
                "Subject": "Applied Physics ",
                "Teacher": "Mr. Zahid Ali ",
                "Section": "BSSE-1A"
            },
            "12:05": {
                "Subject": "0",
                "Teacher": "",
                "Section": ""
            },
            "01:30": {
                "Subject": "Database Systems ",
                "Teacher": "Ms. Kashmala Pervaiz ",
                "Section": "BSSE-4B & BSDS/BSAI-4A"
            },
            "02:50": {
                "Subject": "Operating Systems ",
                "Teacher": "Ms. Irum Fatima ",
                "Section": "BSSE-4B & BSDS/BSAI-4A"
            },
            "04:10": {
                "Subject": "Probability & Statistics",
                "Teacher": "Ms. Aniqa Yousaf",
                "Section": "BSSE-4B"
            }
        },
        "Lecture Room  26": {
            "8:00": {
                "Subject": "Fundamentals of Business & Finance ",
                "Teacher": "Ms. Rabia Aziz ",
                "Section": "BSSE-5A"
            },
            "9:20": {
                "Subject": "Artificial Intelligence ",
                "Teacher": "Ms. Asma Abubakar ",
                "Section": "BSSE-5A"
            },
            "10:45": {
                "Subject": "Functional English ",
                "Teacher": "Ms. Hiziya Nasir ",
                "Section": "BSAI-1B"
            },
            "12:05": {
                "Subject": "Technical & Business Writing ",
                "Teacher": "Ms. Hayyah Mehmood ",
                "Section": "BSAI-3A"
            },
            "01:30": {
                "Subject": "Fundamentals of Business & Finance ",
                "Teacher": "Mr. Muhammad Irfan Saqi ",
                "Section": "BSSE-5E"
            },
            "02:50": {
                "Subject": "0",
                "Teacher": "",
                "Section": ""
            },
            "04:10": {
                "Subject": "0",
                "Teacher": "",
                "Section": ""
            }
        },
        "Lecture Room  27": {
            "8:00": {
                "Subject": "Web Engineering",
                "Teacher": "Mr. Hafiz Ali Ahmed ",
                "Section": "BSSE-5B"
            },
            "9:20": {
                "Subject": "0",
                "Teacher": "",
                "Section": ""
            },
            "10:45": {
                "Subject": "Applications of Information & Communication Technology (Theory)",
                "Teacher": "Ms. Ayesha Karim ",
                "Section": "BSSE-1D"
            },
            "12:05": {
                "Subject": "0",
                "Teacher": "",
                "Section": ""
            },
            "01:30": {
                "Subject": "Data Science ",
                "Teacher": "Ms. Asma Abubakar ",
                "Section": "BSSE-6A"
            },
            "02:50": {
                "Subject": "Human Computer Interaction",
                "Teacher": "Mr. Munib Ahmad",
                "Section": "BSSE-6A"
            },
            "04:10": {
                "Subject": "Information Security ",
                "Teacher": "Mr. Nagesh Kumar ",
                "Section": "BSSE-6A"
            }
        },
        "Lecture Room  28": {
            "8:00": {
                "Subject": "Human Computer Interaction ",
                "Teacher": "Mr. Munib Ahmad",
                "Section": "BSSE-3D"
            },
            "9:20": {
                "Subject": "Data Structures & Algorithms",
                "Teacher": "Ms. Aimen Fatima ",
                "Section": "BSSE-3D"
            },
            "10:45": {
                "Subject": "Fundamentals of Business & Finance ",
                "Teacher": "Mr. Muhammad Irfan Saqi ",
                "Section": "BSSE-5C"
            },
            "12:05": {
                "Subject": "Computer Networks ",
                "Teacher": "Mr. Rafaqat Ali ",
                "Section": "BSSE-5C "
            },
            "01:30": {
                "Subject": "Information Security ",
                "Teacher": "Mr. Muhammad Ahmad ",
                "Section": "BSAI-3B"
            },
            "02:50": {
                "Subject": "0",
                "Teacher": "",
                "Section": ""
            },
            "04:10": {
                "Subject": "Artificial Intelligence ",
                "Teacher": "Mr. Muhammad Ahmad",
                "Section": "BSAI-3B"
            }
        },
        "Computer Lab-3": {
            "8:00": {
                "Subject": "0",
                "Teacher": "",
                "Section": ""
            },
            "9:20": {
                "Subject": "0",
                "Teacher": "",
                "Section": ""
            },
            "10:45": {
                "Subject": "0",
                "Teacher": "",
                "Section": ""
            },
            "12:05": {
                "Subject": "0",
                "Teacher": "",
                "Section": ""
            },
            "01:30": {
                "Subject": "0",
                "Teacher": "",
                "Section": ""
            },
            "02:50": {
                "Subject": "0",
                "Teacher": "",
                "Section": ""
            },
            "04:10": {
                "Subject": "0",
                "Teacher": "",
                "Section": ""
            }
        },
        "Lecture Room  29": {
            "8:00": {
                "Subject": "Applications of Information & Communication Technology (Theory)",
                "Teacher": "Ms. Ayesha Karim ",
                "Section": "BSAI-1A"
            },
            "9:20": {
                "Subject": "Discrete Structures ",
                "Teacher": "Mr. Amir Hameed",
                "Section": "BSAI-1A"
            },
            "10:45": {
                "Subject": "Programming Fundamentals ",
                "Teacher": "Ms. Nitasha Arooj ",
                "Section": "BSSE-1C"
            },
            "12:05": {
                "Subject": "Functional English ",
                "Teacher": "Ms. Hiziya Nasir",
                "Section": "BSSE-1C"
            },
            "01:30": {
                "Subject": "Data Structures & Algorithms (Lab)",
                "Teacher": "Mr. Muhammad Muneeb Saleem ",
                "Section": "BSAI-3C/BSDS-3A"
            },
            "02:50": {
                "Subject": "0",
                "Teacher": "",
                "Section": ""
            },
            "04:10": {
                "Subject": "0",
                "Teacher": "",
                "Section": ""
            }
        },
        "Lecture Room  30": {
            "8:00": {
                "Subject": "0",
                "Teacher": "",
                "Section": ""
            },
            "9:20": {
                "Subject": "0",
                "Teacher": "",
                "Section": ""
            },
            "10:45": {
                "Subject": "Used in CS Department ",
                "Teacher": "",
                "Section": ""
            },
            "12:05": {
                "Subject": "0",
                "Teacher": "",
                "Section": ""
            },
            "01:30": {
                "Subject": "Digital Logic & Design (Lab)",
                "Teacher": "Ms. Musharrafa Rafique ",
                "Section": "BSDS/BSAI-5A"
            },
            "02:50": {
                "Subject": "0",
                "Teacher": "",
                "Section": ""
            },
            "04:10": {
                "Subject": "0",
                "Teacher": "",
                "Section": ""
            }
        },
        "Computer Lab-7": {
            "8:00": {
                "Subject": "Data Structures & Algorithms (Lab)",
                "Teacher": "Mr. Muhammad Muneeb Saleem ",
                "Section": "BSAI-3A"
            },
            "9:20": {
                "Subject": "0",
                "Teacher": "",
                "Section": ""
            },
            "10:45": {
                "Subject": "Data Structures & Algorithms (Lab)",
                "Teacher": "Mr. Daniyal Qamar ",
                "Section": "BSSE-3B"
            },
            "12:05": {
                "Subject": "0",
                "Teacher": "",
                "Section": ""
            },
            "01:30": {
                "Subject": "Applications of Information & Communication Technology (Lab)",
                "Teacher": "Mr. Hafiz Asad Ali ",
                "Section": "BSAI-1C"
            },
            "02:50": {
                "Subject": "0",
                "Teacher": "",
                "Section": ""
            },
            "04:10": {
                "Subject": "Data Structures & Algorithms ",
                "Teacher": "Mr. Tayyab Khushi ",
                "Section": "BSAI-3C/BSDS-3A"
            }
        },
        "Computer Lab-8": {
            "8:00": {
                "Subject": "Computer Networks (Lab)",
                "Teacher": "Mr. Daniyal Qamar ",
                "Section": "BSSE-5C "
            },
            "9:20": {
                "Subject": "0",
                "Teacher": "",
                "Section": ""
            },
            "10:45": {
                "Subject": "Database Systems (Lab)",
                "Teacher": "Ms. Musharrafa Rafique ",
                "Section": "BSSE-4A"
            },
            "12:05": {
                "Subject": "0",
                "Teacher": "",
                "Section": ""
            },
            "01:30": {
                "Subject": "Programming Fundamentals (Lab)",
                "Teacher": "Mr. Shahzaib Shahbaz",
                "Section": "BSAI-1B"
            },
            "02:50": {
                "Subject": "0",
                "Teacher": "",
                "Section": ""
            },
            "04:10": {
                "Subject": "0",
                "Teacher": "",
                "Section": ""
            }
        },
        "Computer Lab-10": {
            "8:00": {
                "Subject": "Islamic Studies ",
                "Teacher": "Mr. Imtiaz Ahmad",
                "Section": "BSDS/BSAI-2A"
            },
            "9:20": {
                "Subject": "0",
                "Teacher": "",
                "Section": ""
            },
            "10:45": {
                "Subject": "Pakistan Studies ",
                "Teacher": "Mr. Imtiaz Ahmad",
                "Section": "BSDS/BSAI-2A"
            },
            "12:05": {
                "Subject": "Islamic Studies ",
                "Teacher": "Mr. Hafiz Falak Sher",
                "Section": "BSSE-3E"
            },
            "01:30": {
                "Subject": "0",
                "Teacher": "",
                "Section": ""
            },
            "02:50": {
                "Subject": "Pakistan Studies ",
                "Teacher": "Mr. Hafiz Falak Sher",
                "Section": "BSSE-3E"
            },
            "04:10": {
                "Subject": "0",
                "Teacher": "",
                "Section": ""
            }
        },
        "Auditorium (SE)": {
            "8:00": {
                "Subject": "Technopreneurship ",
                "Teacher": "Prof. Saleem Zubair Ahmed ",
                "Section": "BSSE-5D & 5E"
            },
            "9:20": {
                "Subject": "0",
                "Teacher": "",
                "Section": ""
            },
            "10:45": {
                "Subject": "Software Engineering ",
                "Teacher": "Mr. Adnan Rafique ",
                "Section": "BSSE-2A"
            },
            "12:05": {
                "Subject": "Technical & Business Writing ",
                "Teacher": "Ms. Nosheen Akhtar ",
                "Section": "BSAI-3B"
            },
            "01:30": {
                "Subject": "Communication & Presentation Skills ",
                "Teacher": "Ms. Nosheen Akhtar ",
                "Section": "BSSE-2A"
            },
            "02:50": {
                "Subject": "Object Oriented Programming ",
                "Teacher": "Mr.Tayyab Khushi ",
                "Section": "BSSE-2A"
            },
            "04:10": {
                "Subject": "0",
                "Teacher": "",
                "Section": ""
            }
        }
    },
    "Thursday": {
        "0": {
            "8:00": {
                "Subject": "0",
                "Teacher": "",
                "Section": ""
            },
            "9:20": {
                "Subject": "0",
                "Teacher": "",
                "Section": ""
            },
            "10:45": {
                "Subject": "0",
                "Teacher": "",
                "Section": ""
            },
            "12:05": {
                "Subject": "0",
                "Teacher": "",
                "Section": ""
            },
            "01:30": {
                "Subject": "0",
                "Teacher": "",
                "Section": ""
            },
            "02:50": {
                "Subject": "0",
                "Teacher": "",
                "Section": ""
            },
            "04:10": {
                "Subject": "0",
                "Teacher": "",
                "Section": ""
            }
        },
        "Rooms": {
            "8:00": {
                "Subject": "8:00-9:20",
                "Teacher": "",
                "Section": ""
            },
            "9:20": {
                "Subject": "9:20-10:40",
                "Teacher": "",
                "Section": ""
            },
            "10:45": {
                "Subject": "10:45-12:05",
                "Teacher": "",
                "Section": ""
            },
            "12:05": {
                "Subject": "12:05 -01:25",
                "Teacher": "",
                "Section": ""
            },
            "01:30": {
                "Subject": "01:30-2:50",
                "Teacher": "",
                "Section": ""
            },
            "02:50": {
                "Subject": "02:50-04:10",
                "Teacher": "",
                "Section": ""
            },
            "04:10": {
                "Subject": "04:10-05:35",
                "Teacher": "",
                "Section": ""
            }
        },
        "Lecture Room  11": {
            "8:00": {
                "Subject": "Used in CS Department ",
                "Teacher": "",
                "Section": ""
            },
            "9:20": {
                "Subject": "0",
                "Teacher": "",
                "Section": ""
            },
            "10:45": {
                "Subject": "0",
                "Teacher": "",
                "Section": ""
            },
            "12:05": {
                "Subject": "0",
                "Teacher": "",
                "Section": ""
            },
            "01:30": {
                "Subject": "Social Enterpreneurship Program",
                "Teacher": "Ms. Rabia Aziz ",
                "Section": "BSSE-4B"
            },
            "02:50": {
                "Subject": "0",
                "Teacher": "",
                "Section": ""
            },
            "04:10": {
                "Subject": "0",
                "Teacher": "",
                "Section": ""
            }
        },
        "Lecture Room  22": {
            "8:00": {
                "Subject": "Discrete Structures ",
                "Teacher": "Mr. Hammad Ghulam Mustafa ",
                "Section": "BSSE-1A"
            },
            "9:20": {
                "Subject": "Functional English ",
                "Teacher": "Ms. Javaria Waleed",
                "Section": "BSSE-1A"
            },
            "10:45": {
                "Subject": "Discrete Structures ",
                "Teacher": "Mr. Hafiz Abdullah Tanweer",
                "Section": "BSSE-1C"
            },
            "12:05": {
                "Subject": "Applications of Information & Communication Technology (Theory)",
                "Teacher": "Mr. Saif Ur Rehman ",
                "Section": "BSSE-1C"
            },
            "01:30": {
                "Subject": "Computer Networks ",
                "Teacher": "Mr. Rafaqat Ali ",
                "Section": "BSSE-5B"
            },
            "02:50": {
                "Subject": "Artificial Intelligence ",
                "Teacher": "Ms. Asma Abubakar ",
                "Section": "BSSE-5B"
            },
            "04:10": {
                "Subject": "0",
                "Teacher": "",
                "Section": ""
            }
        },
        "Lecture Room  23": {
            "8:00": {
                "Subject": "Artificial Intelligence (Lab)",
                "Teacher": "Mr. Rasikh Ali ",
                "Section": "BSAI-3B"
            },
            "9:20": {
                "Subject": "0",
                "Teacher": "",
                "Section": ""
            },
            "10:45": {
                "Subject": "Web Engineering ",
                "Teacher": "Mr. Hafiz Ali Ahmed ",
                "Section": "BSSE-5D"
            },
            "12:05": {
                "Subject": "0",
                "Teacher": "",
                "Section": ""
            },
            "01:30": {
                "Subject": "Software Requirement Engineering ",
                "Teacher": "Mr. Sawail Khan ",
                "Section": "BSSE-3A"
            },
            "02:50": {
                "Subject": "0",
                "Teacher": "",
                "Section": ""
            },
            "04:10": {
                "Subject": "0",
                "Teacher": "",
                "Section": ""
            }
        },
        "Lecture Room  24": {
            "8:00": {
                "Subject": "Introduction to Data Science ",
                "Teacher": "Mr. Ansar Naeem ",
                "Section": "BSDS/BSAI-4A"
            },
            "9:20": {
                "Subject": "0",
                "Teacher": "",
                "Section": ""
            },
            "10:45": {
                "Subject": "Applications of Information & Communication Technology (Theory)",
                "Teacher": "Mr. Hammad Ghulam Mustafa ",
                "Section": "BSAI-1C"
            },
            "12:05": {
                "Subject": "Linear Algebra ",
                "Teacher": "Mr. Muhammad Hamza",
                "Section": "BSSE-3B"
            },
            "01:30": {
                "Subject": "Probability & Statistics",
                "Teacher": "Ms. Aniqa Yousaf ",
                "Section": "BSDS/BSAI-2A"
            },
            "02:50": {
                "Subject": "0",
                "Teacher": "",
                "Section": ""
            },
            "04:10": {
                "Subject": "Human Computer Interaction ",
                "Teacher": "Mr. Munib Ahmad",
                "Section": "BSSE-3B"
            }
        },
        "Lecture Room  25": {
            "8:00": {
                "Subject": "Computer Networks (Lab)",
                "Teacher": "Mr. Daniyal Qamar",
                "Section": "BSSE-5E"
            },
            "9:20": {
                "Subject": "0",
                "Teacher": "",
                "Section": ""
            },
            "10:45": {
                "Subject": " Functional English ",
                "Teacher": "Ms. Hayyah Mehmood ",
                "Section": "BSSE-1B"
            },
            "12:05": {
                "Subject": "Discrete Structures ",
                "Teacher": "Mr. Amir Hameed",
                "Section": "BSAI-1B"
            },
            "01:30": {
                "Subject": "Applications of Information & Communication Technology (Theory)",
                "Teacher": "Mr. Saif Ur Rehman ",
                "Section": "BSAI-1B"
            },
            "02:50": {
                "Subject": "Foreign Language ",
                "Teacher": "Mr. Abdul Waheed Qamar ",
                "Section": "BSSE-6A"
            },
            "04:10": {
                "Subject": "0",
                "Teacher": "",
                "Section": ""
            }
        },
        "Lecture Room  26": {
            "8:00": {
                "Subject": "Computer Networks ",
                "Teacher": "Mr. Rafaqat Ali ",
                "Section": "BSSE-5A & BSAI-5A"
            },
            "9:20": {
                "Subject": "Artificial Intelligence ",
                "Teacher": "Ms. Asma Abubakar ",
                "Section": "BSSE-5A"
            },
            "10:45": {
                "Subject": "Functional English ",
                "Teacher": "Ms. Javaria Waleed",
                "Section": "BSSE-1E"
            },
            "12:05": {
                "Subject": "Discrete Structures ",
                "Teacher": "Mr. Hafiz Abdullah Tanweer",
                "Section": "BSSE-1E"
            },
            "01:30": {
                "Subject": "Linear Algebra ",
                "Teacher": "Mr. Muhammad Hamza",
                "Section": "BSSE-3E"
            },
            "02:50": {
                "Subject": "0",
                "Teacher": "",
                "Section": ""
            },
            "04:10": {
                "Subject": "Software Requirement Engineering ",
                "Teacher": "Mr. Sawail Khan ",
                "Section": "BSSE-3E"
            }
        },
        "Lecture Room  27": {
            "8:00": {
                "Subject": "Artificial Intelligence ",
                "Teacher": "Ms. Tayyaba Farhat ",
                "Section": "BSAI-3A"
            },
            "9:20": {
                "Subject": "0",
                "Teacher": "",
                "Section": ""
            },
            "10:45": {
                "Subject": "Information Security ",
                "Teacher": "Mr. Muhammad Ahmad ",
                "Section": "BSAI-3C/BSDS-3A"
            },
            "12:05": {
                "Subject": "0",
                "Teacher": "",
                "Section": ""
            },
            "01:30": {
                "Subject": "Artificial Intelligence ",
                "Teacher": "Programming for AI",
                "Section": "BSAI-3C/BSDS-3A"
            },
            "02:50": {
                "Subject": "Technical & Business Writing ",
                "Teacher": "Ms. Nosheen Akhtar ",
                "Section": "BSAI-3C/BSDS-3A"
            },
            "04:10": {
                "Subject": "Probability & Statistics",
                "Teacher": "Ms. Aniqa Yousaf  ",
                "Section": "BSSE-4A"
            }
        },
        "Lecture Room  28": {
            "8:00": {
                "Subject": "Programming Fundamentals ",
                "Teacher": "Ms. Nitasha Arooj",
                "Section": "BSSE-1D"
            },
            "9:20": {
                "Subject": "0",
                "Teacher": "",
                "Section": ""
            },
            "10:45": {
                "Subject": "Discrete Structures ",
                "Teacher": "Mr. Amir Hameed",
                "Section": "BSAI-1A"
            },
            "12:05": {
                "Subject": "Technical & Business Writing ",
                "Teacher": "Ms. Hayyah Mehmood ",
                "Section": "BSAI-3A"
            },
            "01:30": {
                "Subject": "Human Computer Interaction ",
                "Teacher": "Mr. Munib Ahmad",
                "Section": "BSSE-3C"
            },
            "02:50": {
                "Subject": "Computer Vision",
                "Teacher": "Dr. Iftikhar Naseer ",
                "Section": "BSAI-5A & BSAI-7A"
            },
            "04:10": {
                "Subject": "0",
                "Teacher": "",
                "Section": ""
            }
        },
        "Lecture Room  29": {
            "8:00": {
                "Subject": "Communication & Presentation Skills ",
                "Teacher": "Ms. Hayyah Mehmood",
                "Section": "BSDS/BSAI-2A"
            },
            "9:20": {
                "Subject": "Database Systems ",
                "Teacher": "Ms. Kashmala Pervaiz",
                "Section": "BSSE-4A"
            },
            "10:45": {
                "Subject": "Data Structures & Algorithms (Lab)",
                "Teacher": "Mr. Daniyal Qamar ",
                "Section": "BSSE-3A"
            },
            "12:05": {
                "Subject": "0",
                "Teacher": "",
                "Section": ""
            },
            "01:30": {
                "Subject": " Computer Networks (Lab)",
                "Teacher": "Mr. Rasikh Ali ",
                "Section": "BSSE-5D & BSDS-5A"
            },
            "02:50": {
                "Subject": "0",
                "Teacher": "",
                "Section": ""
            },
            "04:10": {
                "Subject": "0",
                "Teacher": "",
                "Section": ""
            }
        },
        "Lecture Room  30": {
            "8:00": {
                "Subject": "Applied Physics ",
                "Teacher": "Ms. Kanwal Shahbaz",
                "Section": "BSSE-1B"
            },
            "9:20": {
                "Subject": "0",
                "Teacher": "",
                "Section": ""
            },
            "10:45": {
                "Subject": "Used in CS Department ",
                "Teacher": "",
                "Section": ""
            },
            "12:05": {
                "Subject": "0",
                "Teacher": "",
                "Section": ""
            },
            "01:30": {
                "Subject": "Applied Physics ",
                "Teacher": "Mr. Zahid Ali ",
                "Section": "BSAI-1C"
            },
            "02:50": {
                "Subject": "0",
                "Teacher": "",
                "Section": ""
            },
            "04:10": {
                "Subject": "0",
                "Teacher": "",
                "Section": ""
            }
        },
        "Computer Lab-2": {
            "8:00": {
                "Subject": "Used in CS Department ",
                "Teacher": "",
                "Section": ""
            },
            "9:20": {
                "Subject": "0",
                "Teacher": "",
                "Section": ""
            },
            "10:45": {
                "Subject": "0",
                "Teacher": "",
                "Section": ""
            },
            "12:05": {
                "Subject": "0",
                "Teacher": "",
                "Section": ""
            },
            "01:30": {
                "Subject": "Computer Organization & Assembly Language ",
                "Teacher": "Ms. Amna Bibi",
                "Section": "BSDS/BSAI-6A"
            },
            "02:50": {
                "Subject": "0",
                "Teacher": "",
                "Section": ""
            },
            "04:10": {
                "Subject": "0",
                "Teacher": "",
                "Section": ""
            }
        },
        "Computer Lab-7": {
            "8:00": {
                "Subject": "Programming Fundamentals (Lab)",
                "Teacher": "Mr. Shahzaib Shahbaz",
                "Section": "BSDS-1A"
            },
            "9:20": {
                "Subject": "0",
                "Teacher": "",
                "Section": ""
            },
            "10:45": {
                "Subject": "Applications of Information & Communication Technology (Lab)",
                "Teacher": "Mr. Hafiz Asad Ali ",
                "Section": "BSDS-1A"
            },
            "12:05": {
                "Subject": "0",
                "Teacher": "",
                "Section": ""
            },
            "01:30": {
                "Subject": "Operating Systems (Lab)",
                "Teacher": "Mr. Muhammad Muneeb Saleem ",
                "Section": "BSSE-4A"
            },
            "02:50": {
                "Subject": "0",
                "Teacher": "",
                "Section": ""
            },
            "04:10": {
                "Subject": "0",
                "Teacher": "",
                "Section": ""
            }
        },
        "Computer Lab-8": {
            "8:00": {
                "Subject": "Applications of Information & Communication Technology (Lab)",
                "Teacher": "Mr. Haider Ali",
                "Section": "BSSE-1C"
            },
            "9:20": {
                "Subject": "0",
                "Teacher": "",
                "Section": ""
            },
            "10:45": {
                "Subject": "Programming Fundamentals (Lab)",
                "Teacher": "Mr. Haider Ali ",
                "Section": "BSSE-1E"
            },
            "12:05": {
                "Subject": "0",
                "Teacher": "",
                "Section": ""
            },
            "01:30": {
                "Subject": "Applications of Information & Communication Technology (Lab)",
                "Teacher": "Mr. Shahzaib Shahbaz",
                "Section": "BSAI-1A"
            },
            "02:50": {
                "Subject": "0",
                "Teacher": "",
                "Section": ""
            },
            "04:10": {
                "Subject": "0",
                "Teacher": "",
                "Section": ""
            }
        },
        "Computer Lab-10": {
            "8:00": {
                "Subject": "Islamic Studies ",
                "Teacher": "Mr. Imtiaz Ahmad ",
                "Section": "BSSE-3C"
            },
            "9:20": {
                "Subject": "0",
                "Teacher": "",
                "Section": ""
            },
            "10:45": {
                "Subject": "Pakistan Studies ",
                "Teacher": "Mr. Imtiaz Ahmad ",
                "Section": "BSSE-3C"
            },
            "12:05": {
                "Subject": "Islamic Studies ",
                "Teacher": "Mr. Hafiz Falak Sher ",
                "Section": "BSSE-3D"
            },
            "01:30": {
                "Subject": "0",
                "Teacher": "",
                "Section": ""
            },
            "02:50": {
                "Subject": "Pakistan Studies ",
                "Teacher": "Mr. Hafiz Falak Sher",
                "Section": "BSSE-3D"
            },
            "04:10": {
                "Subject": "0",
                "Teacher": "",
                "Section": ""
            }
        },
        "Auditorium (SE)": {
            "8:00": {
                "Subject": "Technopreneurship ",
                "Teacher": "Ms. Saniya Abdullah ",
                "Section": "BSSE-5C & BSDS/BSAI-6A"
            },
            "9:20": {
                "Subject": "0",
                "Teacher": "",
                "Section": ""
            },
            "10:45": {
                "Subject": "Data Science ",
                "Teacher": "Ms. Asma Abubakar ",
                "Section": "BSSE-6A"
            },
            "12:05": {
                "Subject": "Software Engineering",
                "Teacher": "Dr. Bilal Mehboob ",
                "Section": "BSDS/BSAI-5A"
            },
            "01:30": {
                "Subject": "Discrete Structures ",
                "Teacher": "Ms. Kashmala Pervaiz ",
                "Section": "BSSE-2A"
            },
            "02:50": {
                "Subject": " Object Oriented Programming",
                "Teacher": "Mr. Tayyab Khushi",
                "Section": "BSSE-2A"
            },
            "04:10": {
                "Subject": "0",
                "Teacher": "",
                "Section": ""
            }
        }
    },
    "Friday": {
        "0": {
            "8:00": {
                "Subject": "0",
                "Teacher": "",
                "Section": ""
            },
            "9:20": {
                "Subject": "0",
                "Teacher": "",
                "Section": ""
            },
            "10:45": {
                "Subject": "0",
                "Teacher": "",
                "Section": ""
            },
            "12:05": {
                "Subject": "0",
                "Teacher": "",
                "Section": ""
            },
            "01:30": {
                "Subject": "0",
                "Teacher": "",
                "Section": ""
            },
            "02:50": {
                "Subject": "l",
                "Teacher": "",
                "Section": ""
            },
            "04:10": {
                "Subject": "0",
                "Teacher": "",
                "Section": ""
            }
        },
        "Rooms": {
            "8:00": {
                "Subject": "8:00-9:15",
                "Teacher": "",
                "Section": ""
            },
            "9:20": {
                "Subject": "9:15-10:30",
                "Teacher": "",
                "Section": ""
            },
            "10:45": {
                "Subject": "10:30-11:45",
                "Teacher": "",
                "Section": ""
            },
            "12:05": {
                "Subject": "11:45 -01:00",
                "Teacher": "",
                "Section": ""
            },
            "01:30": {
                "Subject": "01:00-02:00",
                "Teacher": "",
                "Section": ""
            },
            "02:50": {
                "Subject": "02:00 - 03:15",
                "Teacher": "",
                "Section": ""
            },
            "04:10": {
                "Subject": "03:15 - 04:30",
                "Teacher": "",
                "Section": ""
            }
        },
        "Lecture Room  22": {
            "8:00": {
                "Subject": "Technical & Business Writing ",
                "Teacher": "Ms. Nosheen Akhtar ",
                "Section": "BSAI-3B"
            },
            "9:20": {
                "Subject": "Data Structures & Algorithms ",
                "Teacher": "Mr. Tayyab Khushi ",
                "Section": "BSAI-3B"
            },
            "10:45": {
                "Subject": "Discrete Structures ",
                "Teacher": "Mr. Hammad Ghulam Mustafa",
                "Section": "BSSE-1A"
            },
            "12:05": {
                "Subject": "Functional English ",
                "Teacher": "Ms. Javaria Waleed",
                "Section": "BSSE-1A"
            },
            "01:30": {
                "Subject": "Namaz Break",
                "Teacher": "",
                "Section": ""
            },
            "02:50": {
                "Subject": "Programming Fundamentals ",
                "Teacher": "Ms. Nitasha Arooj ",
                "Section": "BSSE-1E"
            },
            "04:10": {
                "Subject": "Applications of Information & Communication Technology (Theory)",
                "Teacher": "Mr. Hammad Ghulam Mustafa ",
                "Section": "BSSE-1E"
            }
        },
        "Lecture Room  23": {
            "8:00": {
                "Subject": "Islamic Studies ",
                "Teacher": "Mr. Imtiaz Ahmad ",
                "Section": "BSSE-3A"
            },
            "9:20": {
                "Subject": "0",
                "Teacher": "",
                "Section": ""
            },
            "10:45": {
                "Subject": "Functional English ",
                "Teacher": "Ms. Hiziya Nasir",
                "Section": "BSDS-1A"
            },
            "12:05": {
                "Subject": "Functional English ",
                "Teacher": "Ms. Nosheen Akhtar ",
                "Section": "BSAI-1A"
            },
            "01:30": {
                "Subject": "0",
                "Teacher": "",
                "Section": ""
            },
            "02:50": {
                "Subject": "Artificial Intelligence ",
                "Teacher": "Dr. Hafiz Muhammad Shahzad",
                "Section": "BSSE-5E"
            },
            "04:10": {
                "Subject": "0",
                "Teacher": "",
                "Section": ""
            }
        },
        "Lecture Room  24": {
            "8:00": {
                "Subject": "Calculus & Analytical Geometry ",
                "Teacher": "Mr. Muhammad Hamza",
                "Section": "BSSE-2A"
            },
            "9:20": {
                "Subject": "Communication & Presentation Skills ",
                "Teacher": "Ms. Nosheen Akhtar ",
                "Section": "BSSE-2A"
            },
            "10:45": {
                "Subject": "Pre-Algrbra ",
                "Teacher": "Ms. Aniqa Yousaf ",
                "Section": "BSSE/BSDS/BSAI-2A"
            },
            "12:05": {
                "Subject": "0",
                "Teacher": "",
                "Section": ""
            },
            "01:30": {
                "Subject": "0",
                "Teacher": "",
                "Section": ""
            },
            "02:50": {
                "Subject": "Data Structures & Algorithms (Lab)",
                "Teacher": "Ms. Musharrafa Rafique  ",
                "Section": "BSSE-3D"
            },
            "04:10": {
                "Subject": "0",
                "Teacher": "",
                "Section": ""
            }
        },
        "Lecture Room  25": {
            "8:00": {
                "Subject": "Information Security ",
                "Teacher": "Mr. Muhammad Ahmad ",
                "Section": "BSAI-3A"
            },
            "9:20": {
                "Subject": "0",
                "Teacher": "",
                "Section": ""
            },
            "10:45": {
                "Subject": "Functional English ",
                "Teacher": "Ms. Javaria Waleed",
                "Section": "BSAI-1C"
            },
            "12:05": {
                "Subject": "Discrete Structures ",
                "Teacher": "Mr. Amir Hameed",
                "Section": "BSAI-1B"
            },
            "01:30": {
                "Subject": "0",
                "Teacher": "",
                "Section": ""
            },
            "02:50": {
                "Subject": "Software Project Management ",
                "Teacher": "Dr. Tehreem Masood",
                "Section": "BSSE-7B"
            },
            "04:10": {
                "Subject": "0",
                "Teacher": "",
                "Section": ""
            }
        },
        "Lecture Room  26": {
            "8:00": {
                "Subject": "Fundamentals of Business & Finance ",
                "Teacher": "Ms. Rabia Aziz",
                "Section": "BSSE-5A"
            },
            "9:20": {
                "Subject": "Computer Networks ",
                "Teacher": "Mr. Rafaqat Ali  ",
                "Section": "BSSE-5A & BSAI-5A"
            },
            "10:45": {
                "Subject": "Software Requirement Engineering ",
                "Teacher": "Mr. Sawail Khan ",
                "Section": "BSSE-3C"
            },
            "12:05": {
                "Subject": "Linear Algebra ",
                "Teacher": "Mr. Muhammad Hamza",
                "Section": "BSSE-3B"
            },
            "01:30": {
                "Subject": "0",
                "Teacher": "",
                "Section": ""
            },
            "02:50": {
                "Subject": "Software Construction & Development ",
                "Teacher": "Mr. Nagesh Kumar",
                "Section": "BSSE-7A & BSDS/BSAI-6A"
            },
            "04:10": {
                "Subject": "0",
                "Teacher": "",
                "Section": ""
            }
        },
        "Lecture Room  27": {
            "8:00": {
                "Subject": "Communication & Presentation Skills ",
                "Teacher": "Ms. Hayyah Mehmood ",
                "Section": "BSDS/BSAI-2A"
            },
            "9:20": {
                "Subject": "Calculus & Analytical Geometry ",
                "Teacher": "Mr. Muhammad Hamza  ",
                "Section": "BSDS/BSAI-2A"
            },
            "10:45": {
                "Subject": "Applications of Information & Communication Technology (Theory)",
                "Teacher": "Mr. Saif Ur Rehman ",
                "Section": "BSSE-1B"
            },
            "12:05": {
                "Subject": "Human Computer Interaction ",
                "Teacher": "Ms. Irum Fatima ",
                "Section": "BSSE-3A"
            },
            "01:30": {
                "Subject": "0",
                "Teacher": "",
                "Section": ""
            },
            "02:50": {
                "Subject": "Computer Networks (Lab)",
                "Teacher": "Mr. Rasikh Ali ",
                "Section": "BSSE-5B"
            },
            "04:10": {
                "Subject": "0",
                "Teacher": "",
                "Section": ""
            }
        },
        "Lecture Room  28": {
            "8:00": {
                "Subject": "Programming Fundamentals ",
                "Teacher": "Ms. Nitasha Arooj ",
                "Section": "BSSE-1C"
            },
            "9:20": {
                "Subject": "Applications of Information & Communication Technology (Theory)",
                "Teacher": "Mr. Saif Ur Rehman ",
                "Section": "BSSE-1C"
            },
            "10:45": {
                "Subject": "Fundamentals of Business & Finance ",
                "Teacher": "Ms. Rabia Aziz ",
                "Section": "BSSE-5B"
            },
            "12:05": {
                "Subject": "0",
                "Teacher": "",
                "Section": ""
            },
            "01:30": {
                "Subject": "0",
                "Teacher": "",
                "Section": ""
            },
            "02:50": {
                "Subject": "Computer Networks ",
                "Teacher": "Mr. Rafaqat Ali ",
                "Section": "BSSE-5D & BSDS-5A"
            },
            "04:10": {
                "Subject": "0",
                "Teacher": "",
                "Section": ""
            }
        },
        "Lecture Room  29": {
            "8:00": {
                "Subject": "Pakistan Studies ",
                "Teacher": "Mr. Hafiz Falak Sher",
                "Section": "BSSE-3B"
            },
            "9:20": {
                "Subject": "0",
                "Teacher": "",
                "Section": ""
            },
            "10:45": {
                "Subject": "Technical & Business Writing ",
                "Teacher": "Ms. Hayyah Mehmood ",
                "Section": "BSSE-8A"
            },
            "12:05": {
                "Subject": "0",
                "Teacher": "",
                "Section": ""
            },
            "01:30": {
                "Subject": "0",
                "Teacher": "",
                "Section": ""
            },
            "02:50": {
                "Subject": "Software Requirement Engineering ",
                "Teacher": "Mr. Sawail Khan",
                "Section": "BSSE-3E"
            },
            "04:10": {
                "Subject": "Human Computer Interactions",
                "Teacher": "Ms. Irum Fatima ",
                "Section": "BSSE-3E"
            }
        },
        "Lecture Room  30": {
            "8:00": {
                "Subject": "Applied Physics ",
                "Teacher": "Ms. Kanwal Shahbaz",
                "Section": "BSAI-1A"
            },
            "9:20": {
                "Subject": "0",
                "Teacher": "",
                "Section": ""
            },
            "10:45": {
                "Subject": "Applied Physics ",
                "Teacher": "Mr. Zahid Ali ",
                "Section": "BSSE-1D"
            },
            "12:05": {
                "Subject": "0",
                "Teacher": "",
                "Section": ""
            },
            "01:30": {
                "Subject": "0",
                "Teacher": "",
                "Section": ""
            },
            "02:50": {
                "Subject": "Applied Physics ",
                "Teacher": "Ms. Kanwal Shahbaz",
                "Section": "BSDS-1A"
            },
            "04:10": {
                "Subject": "0",
                "Teacher": "",
                "Section": ""
            }
        },
        "Computer Lab-7": {
            "8:00": {
                "Subject": "Data Structures & Algorithms (Lab)",
                "Teacher": "Mr. Daniyal Qamar ",
                "Section": "BSSE-3C"
            },
            "9:20": {
                "Subject": "0",
                "Teacher": "",
                "Section": ""
            },
            "10:45": {
                "Subject": "Computer Networks (Lab)",
                "Teacher": "Mr. Daniyal Qamar ",
                "Section": "BSSE-5A & BSAI-5A"
            },
            "12:05": {
                "Subject": "0",
                "Teacher": "",
                "Section": ""
            },
            "01:30": {
                "Subject": "0",
                "Teacher": "",
                "Section": ""
            },
            "02:50": {
                "Subject": "Applications of Information & Communication Technology (Lab)",
                "Teacher": "Mr. Haider Ali ",
                "Section": "BSAI-1B"
            },
            "04:10": {
                "Subject": "0",
                "Teacher": "",
                "Section": ""
            }
        },
        "Computer Lab-8": {
            "8:00": {
                "Subject": "Applications of Information & Communication Technology (Lab)",
                "Teacher": "Mr. Hafiz Asad Ali ",
                "Section": "BSSE-1B"
            },
            "9:20": {
                "Subject": "0",
                "Teacher": "",
                "Section": ""
            },
            "10:45": {
                "Subject": "Programming Fundamentals (Lab)",
                "Teacher": "Mr. Hafiz Asad Ali ",
                "Section": "BSSE-1C"
            },
            "12:05": {
                "Subject": "0",
                "Teacher": "",
                "Section": ""
            },
            "01:30": {
                "Subject": "0",
                "Teacher": "",
                "Section": ""
            },
            "02:50": {
                "Subject": "Programming Fundamentals (Lab)",
                "Teacher": "Mr. Shahzaib Shahbaz",
                "Section": "BSAI-1C"
            },
            "04:10": {
                "Subject": "0",
                "Teacher": "",
                "Section": ""
            }
        },
        "Computer Lab-10": {
            "8:00": {
                "Subject": "Web Engineering",
                "Teacher": "Mr. Hafiz Ali Ahmed",
                "Section": "BSSE-5C"
            },
            "9:20": {
                "Subject": "0",
                "Teacher": "",
                "Section": ""
            },
            "10:45": {
                "Subject": "Mobile Application Development (Lab)",
                "Teacher": "Mr. Muhammad Muneeb Saleem ",
                "Section": "BSSE-6A"
            },
            "12:05": {
                "Subject": "0",
                "Teacher": "",
                "Section": ""
            },
            "01:30": {
                "Subject": "0",
                "Teacher": "",
                "Section": ""
            },
            "02:50": {
                "Subject": "Artificial Neural Networks ",
                "Teacher": "Dr. Hafiz Muhammad Shahzad",
                "Section": "BSAI-7A"
            },
            "04:10": {
                "Subject": "0",
                "Teacher": "",
                "Section": ""
            }
        },
        "Auditorium (SE)": {
            "8:00": {
                "Subject": "Software Design & Architecture",
                "Teacher": "Prof. Saleem Zubair Ahmad ",
                "Section": "BSSE-4B"
            },
            "9:20": {
                "Subject": "Operating Systems ",
                "Teacher": "Ms. Irum Fatima ",
                "Section": "BSSE-4A"
            },
            "10:45": {
                "Subject": "Database Systems ",
                "Teacher": "Ms. Kashmala Pervaiz ",
                "Section": "BSSE-4B & BSDS/BSAI-4A"
            },
            "12:05": {
                "Subject": "Database Systems ",
                "Teacher": "Ms. Kashmala Pervaiz ",
                "Section": "BSSE-4A"
            },
            "01:30": {
                "Subject": "0",
                "Teacher": "",
                "Section": ""
            },
            "02:50": {
                "Subject": "Software Quality Engineering",
                "Teacher": "Ms. Kashmala Pervaiz",
                "Section": "BSSE-6A"
            },
            "04:10": {
                "Subject": "0",
                "Teacher": "",
                "Section": ""
            }
        }
    }
}