{
    "Monday": {
        "Rooms": {
            "Subject": "Tuesday",
            "Teacher": ""
        },
        "8:00": {
            "Subject": "0",
            "Teacher": ""
        },
        "9:20": {
            "Subject": "0",
            "Teacher": ""
        },
        "10:45": {
            "Subject": "0",
            "Teacher": ""
        },
        "12:05": {
            "Subject": "0",
            "Teacher": ""
        },
        "01:30": {
            "Subject": "0",
            "Teacher": ""
        },
        "02:50": {
            "Subject": "0",
            "Teacher": ""
        },
        "04:10": {
            "Subject": "0",
            "Teacher": ""
        }
    },
    "Tuesday": {
        "Rooms": {
            "Subject": "Auditorium (SE)",
            "Teacher": ""
        },
        "8:00": {
            "Subject": "Data Structures & Algorithms (Lab)",
            "Teacher": "BSAI-3B"
        },
        "9:20": {
            "Subject": "0",
            "Teacher": ""
        },
        "10:45": {
            "Subject": "Functional English ",
            "Teacher": "BSSE-1E"
        },
        "12:05": {
            "Subject": "Applications of Information & Communication Technology (Theory)",
            "Teacher": "BSSE-1E"
        },
        "01:30": {
            "Subject": "Technopreneurship ",
            "Teacher": "BSSE-5A & BSSE-5B"
        },
        "02:50": {
            "Subject": "0",
            "Teacher": ""
        },
        "04:10": {
            "Subject": "0",
            "Teacher": ""
        }
    },
    "Wednesday": {
        "Rooms": {
            "Subject": "Auditorium (SE)",
            "Teacher": ""
        },
        "8:00": {
            "Subject": "Technopreneurship ",
            "Teacher": "BSSE-5D & 5E"
        },
        "9:20": {
            "Subject": "0",
            "Teacher": ""
        },
        "10:45": {
            "Subject": "Software Engineering ",
            "Teacher": "BSSE-2A"
        },
        "12:05": {
            "Subject": "Technical & Business Writing ",
            "Teacher": "BSAI-3B"
        },
        "01:30": {
            "Subject": "Communication & Presentation Skills ",
            "Teacher": "BSSE-2A"
        },
        "02:50": {
            "Subject": "Object Oriented Programming ",
            "Teacher": "BSSE-2A"
        },
        "04:10": {
            "Subject": "0",
            "Teacher": ""
        }
    },
    "Thursday": {
        "Rooms": {
            "Subject": "Auditorium (SE)",
            "Teacher": ""
        },
        "8:00": {
            "Subject": "Technopreneurship ",
            "Teacher": "BSSE-5C & BSDS/BSAI-6A"
        },
        "9:20": {
            "Subject": "0",
            "Teacher": ""
        },
        "10:45": {
            "Subject": "Data Science ",
            "Teacher": "BSSE-6A"
        },
        "12:05": {
            "Subject": "Software Engineering",
            "Teacher": "BSDS/BSAI-5A"
        },
        "01:30": {
            "Subject": "Discrete Structures ",
            "Teacher": "BSSE-2A"
        },
        "02:50": {
            "Subject": " Object Oriented Programming",
            "Teacher": "BSSE-2A"
        },
        "04:10": {
            "Subject": "0",
            "Teacher": ""
        }
    },
    "Friday": {
        "Rooms": {
            "Subject": "0",
            "Teacher": ""
        },
        "8:00": {
            "Subject": "0",
            "Teacher": ""
        },
        "9:20": {
            "Subject": "0",
            "Teacher": ""
        },
        "10:45": {
            "Subject": "0",
            "Teacher": ""
        },
        "12:05": {
            "Subject": "0",
            "Teacher": ""
        },
        "01:30": {
            "Subject": "0",
            "Teacher": ""
        },
        "02:50": {
            "Subject": "l",
            "Teacher": ""
        },
        "04:10": {
            "Subject": "0",
            "Teacher": ""
        }
    }
}